{
  "base": {
    "name": "列表",
    "module_name": "uniubi-list",
    "version": "1.1.9",
    "show": 1
  },
  "width": 400,
  "height": 100,
  "configuration": [
    {
      "name": "interaction",
      "displayName": "交互",
      "value": [
        {
          "name": "callback",
          "displayName": "回调参数",
          "type": "array",
          "value": [],
          "config": {
            "template": [
              {
                "name": "callback",
                "displayName": "回调",
                "type": "object",
                "value": [
                  {
                    "name": "origin",
                    "displayName": "字段值",
                    "type": "input",
                    "value": ""
                  },
                  {
                    "name": "target",
                    "displayName": "变量名",
                    "type": "input",
                    "value": ""
                  }
                ]
              }
            ]
          }
        }
      ]
    }
  ],
  "triggers": [
    {
      "name": "鼠标点击",
      "value": "click"
    }
  ]
}